City_ID,City,Country,Date,Lat,Lng,Max Temp,Humidity,Cloudiness,Wind Speed,Current Description
0,Ulladulla,AU,2021-05-31 16:14:14,-35.35,150.4667,47.08,70,28,5.39,scattered clouds
1,Opuwo,NA,2021-05-31 16:14:14,-18.0607,13.84,76.77,16,72,7.99,broken clouds
2,Severo-Yeniseyskiy,RU,2021-05-31 16:14:14,60.3725,93.0408,47.82,64,99,5.68,overcast clouds
3,Cayenne,GF,2021-05-31 16:11:50,4.9333,-52.3333,80.1,88,75,3.0,moderate rain
4,Constitucion,CL,2021-05-31 16:14:15,-35.3333,-72.4167,62.49,83,89,5.46,overcast clouds
5,Albany,US,2021-05-31 16:11:33,42.6001,-73.9662,55.45,82,100,7.0,overcast clouds
6,Adrar,MR,2021-05-31 16:14:16,20.5022,-10.0711,104.0,13,93,5.01,overcast clouds
7,Nouadhibou,MR,2021-05-31 16:12:27,20.931,-17.0347,66.7,86,18,24.92,few clouds
8,Hilo,US,2021-05-31 16:11:12,19.7297,-155.09,82.27,94,90,4.61,light rain
9,Ancud,CL,2021-05-31 16:11:52,-41.8697,-73.8203,60.42,97,100,16.02,light rain
10,Erenhot,CN,2021-05-31 16:14:16,43.6475,111.9767,49.44,46,3,4.92,clear sky
11,Vila Velha,BR,2021-05-31 16:12:07,-20.3297,-40.2925,85.96,78,40,4.0,scattered clouds
12,Carnarvon,AU,2021-05-31 16:11:17,-24.8667,113.6333,60.87,82,1,12.66,clear sky
13,Praia Da Vitoria,PT,2021-05-31 16:14:17,38.7333,-27.0667,68.76,94,75,15.99,broken clouds
14,Husavik,IS,2021-05-31 16:11:22,66.0449,-17.3389,54.66,44,49,15.61,scattered clouds
15,Inverness,GB,2021-05-31 16:14:18,57.4791,-4.224,71.8,53,0,5.01,clear sky
16,Beyneu,KZ,2021-05-31 16:14:18,45.3167,55.2,80.49,37,1,17.34,clear sky
17,Bambous Virieux,MU,2021-05-31 16:12:20,-20.3428,57.7575,73.22,72,1,10.45,clear sky
18,Zamardi,HU,2021-05-31 16:14:18,46.8849,17.9537,64.56,68,32,4.0,scattered clouds
19,Auki,SB,2021-05-31 16:14:19,-8.7676,160.7034,76.39,90,100,5.77,overcast clouds
20,Baruun-Urt,MN,2021-05-31 16:14:19,46.6806,113.2792,42.87,61,97,6.22,overcast clouds
21,Dingle,PH,2021-05-31 16:11:55,10.9995,122.6711,77.43,91,100,0.78,overcast clouds
22,Pitimbu,BR,2021-05-31 16:14:20,-7.4706,-34.8086,82.99,76,40,13.13,scattered clouds
23,Saint-Philippe,RE,2021-05-31 16:11:25,-21.3585,55.7679,71.19,80,24,6.13,few clouds
24,Wausau,US,2021-05-31 16:11:18,44.9591,-89.6301,68.63,62,1,1.99,clear sky
25,Santa Maria,BR,2021-05-31 16:12:37,-29.6842,-53.8069,60.64,46,19,1.21,few clouds
26,Behbahan,IR,2021-05-31 16:14:20,30.5959,50.2417,102.16,7,0,14.76,clear sky
27,Port Lincoln,AU,2021-05-31 16:14:21,-34.7333,135.8667,59.5,42,100,9.95,overcast clouds
28,Tura,IN,2021-05-31 16:11:28,25.5198,90.2201,72.32,97,100,4.94,light rain
29,Puerto Ayora,EC,2021-05-31 16:11:14,-0.7393,-90.3518,75.54,85,83,7.0,broken clouds
30,Saint-Georges,GD,2021-05-31 16:14:21,12.0564,-61.7485,83.88,74,40,21.85,scattered clouds
31,Carutapera,BR,2021-05-31 16:14:22,-1.195,-46.02,88.0,57,27,7.27,scattered clouds
32,Aripuana,BR,2021-05-31 16:11:33,-9.1667,-60.6333,92.88,36,67,3.2,broken clouds
33,Korla,CN,2021-05-31 16:14:22,41.7597,86.1469,81.64,17,99,4.9,overcast clouds
34,Riberalta,BO,2021-05-31 16:14:23,-10.9833,-66.1,86.94,60,100,2.55,overcast clouds
35,Fukue,JP,2021-05-31 16:11:37,32.6881,128.8419,69.37,76,100,5.32,overcast clouds
36,Muros,ES,2021-05-31 16:14:23,42.7762,-9.0603,82.9,65,33,4.14,scattered clouds
37,Kalmunai,LK,2021-05-31 16:12:49,7.4167,81.8167,83.59,75,100,2.77,overcast clouds
38,New Norfolk,AU,2021-05-31 16:11:34,-42.7826,147.0587,46.71,82,100,1.01,overcast clouds
39,Ribeira Grande,PT,2021-05-31 16:11:33,38.5167,-28.7,68.4,73,75,4.61,broken clouds
40,Aksay,RU,2021-05-31 16:14:24,47.26,39.87,74.25,43,86,5.99,overcast clouds
41,Sur,OM,2021-05-31 16:11:59,22.5667,59.5289,97.41,28,88,9.8,overcast clouds
42,Hounde,BF,2021-05-31 16:14:24,11.5,-3.5167,101.5,23,66,2.06,broken clouds
43,East London,ZA,2021-05-31 16:11:57,-33.0153,27.9116,66.63,53,100,12.06,overcast clouds
44,Rocha,UY,2021-05-31 16:11:28,-34.4833,-54.3333,61.52,52,11,19.66,few clouds
45,Rikitea,PF,2021-05-31 16:06:17,-23.1203,-134.9692,73.99,66,0,13.35,clear sky
46,Whitehorse,CA,2021-05-31 16:11:13,60.7161,-135.0538,50.02,66,100,15.99,overcast clouds
47,Sobolevo,RU,2021-05-31 16:14:25,54.4299,31.8996,54.54,61,99,2.08,overcast clouds
48,Port Alfred,ZA,2021-05-31 16:11:19,-33.5906,26.891,61.9,71,100,10.02,overcast clouds
49,Yellowknife,CA,2021-05-31 16:10:09,62.456,-114.3525,49.32,54,99,5.01,overcast clouds
50,Sakaiminato,JP,2021-05-31 16:14:26,35.55,133.2333,61.38,82,19,6.53,few clouds
51,Veraval,IN,2021-05-31 16:14:26,20.9,70.3667,83.82,77,60,13.8,broken clouds
52,Faanui,PF,2021-05-31 16:12:35,-16.4833,-151.75,78.57,66,100,15.37,overcast clouds
53,Luanda,AO,2021-05-31 16:11:33,-8.8368,13.2343,78.8,78,0,9.22,clear sky
54,Mpika,ZM,2021-05-31 16:14:27,-11.8343,31.4529,59.23,58,32,4.12,scattered clouds
55,Punta Arenas,CL,2021-05-31 16:09:30,-53.15,-70.9167,33.82,74,0,3.47,clear sky
56,Charcas,MX,2021-05-31 16:14:28,23.1333,-101.1167,68.76,53,62,8.9,broken clouds
57,Avera,US,2021-05-31 16:14:28,33.194,-82.5271,74.93,47,67,7.2,broken clouds
58,Kapaa,US,2021-05-31 16:11:41,22.0752,-159.319,73.38,88,1,3.31,clear sky
59,Mataura,NZ,2021-05-31 16:11:10,-46.1927,168.8643,49.48,96,99,1.86,overcast clouds
60,Kodiak,US,2021-05-31 16:14:29,57.79,-152.4072,45.91,87,90,14.97,light rain
61,Uglovskoye,RU,2021-05-31 16:14:29,51.3557,80.1942,66.31,57,18,8.28,few clouds
62,Mogadishu,SO,2021-05-31 16:11:34,2.0371,45.3438,78.91,84,100,13.2,overcast clouds
63,Anadyr,RU,2021-05-31 16:14:30,64.75,177.4833,39.7,69,0,3.22,clear sky
64,Plouzane,FR,2021-05-31 16:11:38,48.3833,-4.6167,75.29,47,0,5.37,clear sky
65,Beringovskiy,RU,2021-05-31 16:12:11,63.05,179.3167,30.96,89,94,7.99,overcast clouds
66,Ushuaia,AR,2021-05-31 16:11:16,-54.8,-68.3,31.66,86,75,5.75,broken clouds
67,Kayasula,RU,2021-05-31 16:14:31,44.325,45.0,75.9,55,2,1.83,clear sky
68,Qasigiannguit,GL,2021-05-31 16:14:31,68.8193,-51.1922,35.85,89,100,4.41,overcast clouds
69,Norman Wells,CA,2021-05-31 16:11:56,65.282,-126.8329,50.47,77,100,2.53,overcast clouds
70,Palmer,US,2021-05-31 16:12:08,42.1584,-72.3287,57.36,85,90,4.65,overcast clouds
71,Butaritari,KI,2021-05-31 16:11:16,3.0707,172.7902,82.72,76,31,15.93,scattered clouds
72,Den Helder,NL,2021-05-31 16:13:34,52.9599,4.7593,72.99,82,1,12.66,mist
73,Cherskiy,RU,2021-05-31 16:11:38,68.75,161.3,52.29,39,13,8.21,few clouds
74,Nanning,CN,2021-05-31 16:14:32,22.8167,108.3167,79.25,92,100,6.67,light rain
75,Aklavik,CA,2021-05-31 16:11:17,68.2191,-135.0107,33.8,86,90,12.66,overcast clouds
76,Upernavik,GL,2021-05-31 16:14:33,72.7868,-56.1549,31.39,89,100,3.74,overcast clouds
77,Bani,DO,2021-05-31 16:13:20,18.2833,-70.3333,87.24,51,70,13.67,broken clouds
78,Dhidhdhoo,MV,2021-05-31 16:12:56,6.8833,73.1,83.32,75,100,19.77,overcast clouds
79,Sitka,US,2021-05-31 16:11:16,57.0531,-135.33,57.09,67,90,18.41,light rain
80,Hermanus,ZA,2021-05-31 16:10:59,-34.4187,19.2345,57.9,77,58,8.59,light rain
81,Severo-Kurilsk,RU,2021-05-31 16:14:34,50.6789,156.125,36.99,98,100,27.74,light rain
82,Valdosta,US,2021-05-31 16:10:13,30.8327,-83.2785,82.31,51,1,6.91,clear sky
83,Sao Felix Do Xingu,BR,2021-05-31 16:11:49,-6.6447,-51.995,92.08,32,25,4.05,scattered clouds
84,Gornopravdinsk,RU,2021-05-31 16:14:34,60.05,69.9,41.16,89,100,9.44,overcast clouds
85,Cabedelo,BR,2021-05-31 16:14:35,-6.9811,-34.8339,83.07,79,41,13.51,scattered clouds
86,Guerrero Negro,MX,2021-05-31 16:12:37,27.9769,-114.0611,64.38,65,2,9.46,clear sky
87,Labuhan,ID,2021-05-31 16:14:35,-6.8844,112.2051,78.35,87,95,5.32,overcast clouds
88,Trairi,BR,2021-05-31 16:11:27,-3.2778,-39.2689,87.42,57,29,10.6,scattered clouds
89,Rehoboth,NA,2021-05-31 16:14:36,-23.3167,17.0833,68.22,14,0,7.58,clear sky
90,Busselton,AU,2021-05-31 16:11:29,-33.65,115.3333,51.08,85,98,5.86,overcast clouds
91,Ponta Do Sol,PT,2021-05-31 16:11:18,32.6667,-17.1,70.43,73,58,2.35,broken clouds
92,Bonavista,CA,2021-05-31 16:14:36,48.6499,-53.1147,51.85,61,95,14.16,overcast clouds
93,Kaitangata,NZ,2021-05-31 16:12:33,-46.2817,169.8464,46.92,85,95,6.17,overcast clouds
94,Hobart,AU,2021-05-31 16:11:21,-42.8794,147.3294,47.05,74,100,3.0,overcast clouds
95,Katsuura,JP,2021-05-31 16:11:11,35.1333,140.3,67.19,83,53,4.54,broken clouds
96,Vaini,TO,2021-05-31 16:11:12,-21.2,-175.2,71.76,88,90,5.75,light rain
97,Bluff,NZ,2021-05-31 16:11:24,-46.6,168.3333,49.8,67,86,6.55,overcast clouds
98,Anshun,CN,2021-05-31 16:14:38,26.25,105.9333,64.15,92,100,5.39,light rain
99,Hudson Bay,CA,2021-05-31 16:14:38,52.85,-102.3842,68.5,30,73,10.8,broken clouds
100,Seymchan,RU,2021-05-31 16:14:38,62.8833,152.4333,41.56,83,67,5.08,broken clouds
101,Mar Del Plata,AR,2021-05-31 16:09:26,-38.0023,-57.5575,60.1,34,35,1.01,light rain
102,Souillac,MU,2021-05-31 16:12:00,-20.5167,57.5167,73.36,76,0,8.52,clear sky
103,Khatanga,RU,2021-05-31 16:11:02,71.9667,102.5,34.38,99,100,7.25,moderate rain
104,Hun,LY,2021-05-31 16:14:39,29.1268,15.9477,96.12,15,4,6.15,clear sky
105,Avarua,CK,2021-05-31 16:12:38,-21.2078,-159.775,66.25,82,70,3.44,broken clouds
106,Georgetown,MY,2021-05-31 16:10:52,5.4112,100.3354,85.95,76,20,0.92,few clouds
107,Henties Bay,NA,2021-05-31 16:14:40,-22.116,14.2845,62.85,72,1,13.91,clear sky
108,Sioux Lookout,CA,2021-05-31 16:14:40,50.1001,-91.917,65.28,42,2,5.7,clear sky
109,Bahir Dar,ET,2021-05-31 16:14:41,11.5936,37.3908,79.45,32,39,7.11,scattered clouds
110,Hithadhoo,MV,2021-05-31 16:12:25,-0.6,73.0833,84.09,70,86,16.33,overcast clouds
111,Kozan,TR,2021-05-31 16:14:41,37.4552,35.8157,83.3,27,8,12.64,clear sky
112,Jizan,SA,2021-05-31 16:14:42,17.3333,42.6667,93.9,47,3,6.26,clear sky
113,Tasiilaq,GL,2021-05-31 16:11:22,65.6145,-37.6368,41.16,80,12,8.9,few clouds
114,Bystrzyca Klodzka,PL,2021-05-31 16:14:42,50.3018,16.6423,58.86,69,81,9.42,broken clouds
115,Tateyama,JP,2021-05-31 16:14:43,34.9833,139.8667,67.1,80,31,3.44,scattered clouds
116,Abeche,TD,2021-05-31 16:12:18,13.8292,20.8324,105.87,10,19,9.1,few clouds
117,Vostok,RU,2021-05-31 16:14:43,46.4856,135.8833,43.11,93,67,3.83,broken clouds
118,Faya,SA,2021-05-31 16:11:39,18.3851,42.4509,81.12,13,1,14.5,clear sky
119,Jamestown,US,2021-05-31 16:11:07,42.097,-79.2353,66.18,43,1,4.0,clear sky
120,Bethel,US,2021-05-31 16:12:51,41.3712,-73.414,57.7,79,90,1.99,overcast clouds
121,Ca Mau,VN,2021-05-31 16:14:45,9.1769,105.15,80.91,85,78,4.29,broken clouds
122,Hambantota,LK,2021-05-31 16:14:45,6.1241,81.1185,81.27,81,76,20.56,broken clouds
123,Castro,BR,2021-05-31 16:12:05,-24.7911,-50.0119,57.42,97,100,2.39,overcast clouds
124,Atuona,PF,2021-05-31 16:11:19,-9.8,-139.0333,78.85,68,36,11.83,scattered clouds
125,Orkney,ZA,2021-05-31 16:14:46,-26.9802,26.6727,60.6,24,47,8.43,scattered clouds
126,Skibbereen,IE,2021-05-31 16:14:46,51.55,-9.2667,57.0,85,100,12.15,overcast clouds
127,Birao,CF,2021-05-31 16:14:47,10.2849,22.7882,100.71,19,79,9.31,broken clouds
128,Saint-Francois,FR,2021-05-31 16:14:47,46.4154,3.9054,77.18,44,0,6.91,clear sky
129,Matagami,CA,2021-05-31 16:14:29,49.7502,-77.6328,67.28,36,82,8.86,broken clouds
130,Matamoros,MX,2021-05-31 16:14:48,25.5333,-103.25,86.11,47,75,4.12,broken clouds
131,Arraial Do Cabo,BR,2021-05-31 16:12:41,-22.9661,-42.0278,73.26,88,90,5.75,light intensity drizzle
132,Torbay,CA,2021-05-31 16:10:59,47.6666,-52.7314,53.1,54,67,14.34,broken clouds
133,Touros,BR,2021-05-31 16:12:09,-5.1989,-35.4608,85.1,63,80,14.16,broken clouds
134,Cape Town,ZA,2021-05-31 16:06:32,-33.9258,18.4232,58.26,92,54,1.99,broken clouds
135,Sovetskiy,RU,2021-05-31 16:14:49,61.3614,63.5842,49.24,44,40,7.23,scattered clouds
136,Tautira,PF,2021-05-31 16:14:49,-17.7333,-149.15,71.62,63,45,14.16,scattered clouds
137,Aiken,US,2021-05-31 16:14:50,33.5835,-81.5998,76.35,55,90,7.47,overcast clouds
138,Cidreira,BR,2021-05-31 16:14:50,-30.1811,-50.2056,60.04,40,0,8.72,clear sky
139,Pangnirtung,CA,2021-05-31 16:11:52,66.1451,-65.7125,33.4,94,41,2.15,scattered clouds
140,Sterlibashevo,RU,2021-05-31 16:14:50,53.4376,55.2578,59.34,82,78,10.49,broken clouds
141,Bredasdorp,ZA,2021-05-31 16:11:34,-34.5322,20.0403,55.27,86,24,7.76,few clouds
142,Iiyama,JP,2021-05-31 16:14:51,36.85,138.3667,58.77,83,91,0.92,overcast clouds
143,Aljezur,PT,2021-05-31 16:14:51,37.3191,-8.8033,67.71,66,22,9.33,few clouds
144,Gushikawa,JP,2021-05-31 16:14:53,26.3544,127.8686,76.23,84,75,15.12,broken clouds
145,Lagoa,PT,2021-05-31 16:11:25,39.05,-27.9833,61.0,78,100,20.18,overcast clouds
146,Minchinabad,PK,2021-05-31 16:14:53,30.163,73.5685,92.43,27,71,8.23,broken clouds
147,Sao Filipe,CV,2021-05-31 16:11:59,14.8961,-24.4956,74.77,74,10,15.3,clear sky
148,Hay River,CA,2021-05-31 16:08:02,60.8156,-115.7999,52.45,55,67,5.37,broken clouds
149,Broken Hill,AU,2021-05-31 16:14:54,-31.95,141.4333,52.16,45,99,8.79,overcast clouds
150,Dunmore Town,BS,2021-05-31 16:14:54,25.5,-76.65,78.75,79,16,12.53,few clouds
151,Leningradskiy,RU,2021-05-31 16:11:44,69.3833,178.4167,28.81,94,88,11.52,overcast clouds
152,Bengkulu,ID,2021-05-31 16:12:24,-3.8004,102.2655,77.86,89,100,3.47,overcast clouds
153,Neyshabur,IR,2021-05-31 16:14:55,36.2133,58.7958,88.14,14,66,13.13,broken clouds
154,Te Anau,NZ,2021-05-31 16:11:44,-45.4167,167.7167,39.45,92,50,2.82,scattered clouds
155,Qaanaaq,GL,2021-05-31 16:10:51,77.484,-69.3632,33.22,89,100,2.35,overcast clouds
156,Dikson,RU,2021-05-31 16:11:26,73.5069,80.5464,30.74,97,100,15.52,light snow
157,Bata,GQ,2021-05-31 16:14:56,1.8639,9.7658,82.31,84,95,11.34,moderate rain
158,Puerto Leguizamo,CO,2021-05-31 16:14:56,-0.1934,-74.7819,74.26,96,100,2.86,moderate rain
159,Bandarbeyla,SO,2021-05-31 16:12:10,9.4942,50.8122,79.59,82,89,27.65,overcast clouds
160,Tongren,CN,2021-05-31 16:14:57,27.7172,109.1853,72.93,80,86,0.94,light rain
161,Sibolga,ID,2021-05-31 16:11:49,1.7427,98.7792,77.68,89,99,2.33,overcast clouds
162,Esperance,AU,2021-05-31 16:12:39,-33.8667,121.9,57.04,83,100,26.49,overcast clouds
163,Mahibadhoo,MV,2021-05-31 16:14:57,3.7833,72.9667,83.71,67,66,19.55,broken clouds
164,Baguanos,CU,2021-05-31 16:14:58,20.7517,-76.0269,86.29,63,22,10.94,few clouds
165,Grand Gaube,MU,2021-05-31 16:12:35,-20.0064,57.6608,73.38,76,0,5.01,clear sky
166,Finspang,SE,2021-05-31 16:14:58,58.7058,15.7674,72.12,65,100,5.46,overcast clouds
167,Vestmannaeyjar,IS,2021-05-31 16:14:59,63.4427,-20.2734,46.78,81,100,18.99,overcast clouds
168,Mahajanga,MG,2021-05-31 16:14:59,-15.7167,46.3167,78.82,83,20,9.22,few clouds
169,Kutum,SD,2021-05-31 16:11:30,14.2,24.6667,89.22,23,55,13.11,broken clouds
170,Mahebourg,MU,2021-05-31 16:12:04,-20.4081,57.7,73.26,72,0,10.2,clear sky
171,Maneadero,MX,2021-05-31 16:08:44,31.7167,-116.5667,61.2,82,44,1.99,scattered clouds
172,Hohhot,CN,2021-05-31 16:12:50,40.8106,111.6522,55.69,35,0,6.35,clear sky
173,Karratha,AU,2021-05-31 16:15:00,-20.7377,116.8463,69.71,47,100,14.32,overcast clouds
174,Rudnyy,KZ,2021-05-31 16:15:01,52.9594,63.1206,63.21,65,6,16.33,clear sky
175,Zhanaozen,KZ,2021-05-31 16:15:01,43.3,52.8,80.58,31,0,16.93,clear sky
176,Gravdal,NO,2021-05-31 16:15:01,68.1214,13.5031,49.89,76,75,9.22,broken clouds
177,Iskateley,RU,2021-05-31 16:15:11,67.6803,53.1512,42.19,85,100,15.08,overcast clouds
178,Saldanha,ZA,2021-05-31 16:12:25,-33.0117,17.9442,59.05,76,9,9.31,clear sky
179,Tuktoyaktuk,CA,2021-05-31 16:11:42,69.4541,-133.0374,31.51,83,87,15.17,overcast clouds
180,Sungaipenuh,ID,2021-05-31 16:15:12,-2.0833,101.3833,66.49,92,100,1.28,overcast clouds
181,Longyearbyen,SJ,2021-05-31 16:11:29,78.2186,15.6401,35.44,69,75,10.36,broken clouds
182,Lasa,IT,2021-05-31 16:15:13,46.6166,10.7002,68.74,53,27,4.03,scattered clouds
183,Hasaki,JP,2021-05-31 16:12:14,35.7333,140.8333,61.29,73,88,7.18,moderate rain
184,Eganville,CA,2021-05-31 16:15:13,45.5334,-77.0994,71.02,37,52,1.72,broken clouds
185,San Quintin,MX,2021-05-31 16:15:14,30.4833,-115.95,62.96,69,42,5.12,scattered clouds
186,Chilliwack,CA,2021-05-31 16:15:14,49.1747,-121.9443,66.78,69,100,0.58,overcast clouds
187,Talnakh,RU,2021-05-31 16:11:48,69.4865,88.3972,32.54,91,100,7.02,overcast clouds
188,Oudtshoorn,ZA,2021-05-31 16:15:15,-33.5907,22.2014,53.96,65,96,5.1,overcast clouds
189,Nikolskoye,RU,2021-05-31 16:12:08,59.7035,30.7861,55.78,64,100,6.15,light rain
190,Tias,ES,2021-05-31 16:15:15,28.9611,-13.645,73.08,53,40,16.11,scattered clouds
191,Pingliang,CN,2021-05-31 16:15:15,35.5392,106.6861,62.46,53,100,4.16,overcast clouds
192,Barrow,US,2021-05-31 16:12:10,71.2906,-156.7887,28.42,74,90,10.36,overcast clouds
193,Jiayuguan,CN,2021-05-31 16:15:16,39.8167,98.3,68.49,10,0,16.15,clear sky
194,Ilulissat,GL,2021-05-31 16:12:06,69.2167,-51.1,35.62,80,75,6.91,broken clouds
195,Saskylakh,RU,2021-05-31 16:11:50,71.9167,114.0833,47.89,66,76,12.77,broken clouds
196,Santa Quiteria,BR,2021-05-31 16:15:17,-4.3319,-40.1567,94.39,34,35,5.26,scattered clouds
197,Ayan,RU,2021-05-31 16:15:17,56.45,138.1667,38.08,95,90,5.28,overcast clouds
198,Kloulklubed,PW,2021-05-31 16:15:17,7.0419,134.2556,81.1,77,100,16.55,overcast clouds
199,Provideniya,RU,2021-05-31 16:11:48,64.3833,-173.3,38.21,69,94,7.61,overcast clouds
200,Lavumisa,SZ,2021-05-31 16:15:18,-27.31,31.892,65.1,65,88,6.62,overcast clouds
201,Roma,US,2021-05-31 16:15:18,43.2128,-75.4557,67.89,65,1,4.61,clear sky
202,Novobirilyussy,RU,2021-05-31 16:15:19,56.9514,90.6661,48.61,66,44,6.73,scattered clouds
203,Progreso,MX,2021-05-31 16:15:19,21.2833,-89.6667,89.11,60,8,8.05,clear sky
204,Christchurch,NZ,2021-05-31 16:14:04,-43.5333,172.6333,48.99,94,90,4.0,moderate rain
205,Honiara,SB,2021-05-31 16:15:20,-9.4333,159.95,77.38,90,100,4.56,overcast clouds
206,Muroto,JP,2021-05-31 16:15:20,33.2833,134.15,68.67,73,95,3.13,overcast clouds
207,Caravelas,BR,2021-05-31 16:10:36,-17.7125,-39.2481,81.43,63,27,9.31,scattered clouds
208,Northam,GB,2021-05-31 16:15:21,51.0333,-4.2167,70.14,73,55,12.06,broken clouds
209,Umm Kaddadah,SD,2021-05-31 16:15:21,13.6017,26.6876,85.75,35,95,27.89,overcast clouds
210,Wilmington,US,2021-05-31 16:15:11,34.2257,-77.9447,74.97,58,1,9.22,clear sky
211,Honningsvag,NO,2021-05-31 16:15:21,70.9821,25.9704,42.55,87,75,23.02,light intensity drizzle
212,Male,MV,2021-05-31 16:15:22,4.1748,73.5089,83.64,70,100,20.49,overcast clouds
213,Chuy,UY,2021-05-31 16:11:15,-33.6971,-53.4616,61.7,48,22,16.75,few clouds
214,Shulan,CN,2021-05-31 16:15:22,44.4167,126.95,61.16,60,100,8.16,overcast clouds
215,Victoria,HK,2021-05-31 16:10:44,22.2855,114.1577,84.38,88,100,5.99,moderate rain
216,Oussouye,SN,2021-05-31 16:15:23,12.485,-16.5469,95.18,49,100,12.06,overcast clouds
217,Urusha,RU,2021-05-31 16:15:23,54.05,122.9,49.69,89,97,8.39,overcast clouds
218,Haines Junction,CA,2021-05-31 16:13:06,60.7522,-137.5108,46.47,79,100,1.54,overcast clouds
219,Margate,GB,2021-05-31 16:11:08,51.3813,1.3862,73.18,85,0,12.46,clear sky
220,Bam,IR,2021-05-31 16:12:54,29.106,58.357,93.18,6,0,8.7,clear sky
221,Nanortalik,GL,2021-05-31 16:15:24,60.1432,-45.2371,39.15,77,50,11.68,scattered clouds
222,Tiksi,RU,2021-05-31 16:11:27,71.6872,128.8694,34.57,89,9,2.35,clear sky
223,Quang Ngai,VN,2021-05-31 16:15:24,15.1167,108.8,79.61,81,42,4.54,scattered clouds
224,Salalah,OM,2021-05-31 16:15:25,17.0151,54.0924,84.29,84,75,8.05,light intensity drizzle
225,Imbituba,BR,2021-05-31 16:15:25,-28.24,-48.6703,66.09,61,6,4.21,clear sky
226,Floro,NO,2021-05-31 16:15:26,61.5996,5.0328,74.23,76,20,10.36,few clouds
227,Shepsi,RU,2021-05-31 16:15:26,44.0361,39.1489,70.25,79,53,5.26,broken clouds
228,Luderitz,NA,2021-05-31 16:11:51,-26.6481,15.1594,63.91,62,0,25.1,clear sky
229,Buin,CL,2021-05-31 16:15:26,-33.7333,-70.75,69.06,24,52,2.21,broken clouds
230,Egvekinot,RU,2021-05-31 16:15:27,66.3167,-179.1667,35.29,52,98,7.47,overcast clouds
231,Lardos,GR,2021-05-31 16:15:27,36.0942,28.0157,73.94,65,0,14.03,clear sky
232,Port Elizabeth,ZA,2021-05-31 16:11:00,-33.918,25.5701,58.1,73,100,15.75,overcast clouds
233,Syracuse,IT,2021-05-31 16:15:28,37.0881,15.2792,75.25,76,99,9.62,overcast clouds
234,Caramay,PH,2021-05-31 16:15:28,10.1815,119.236,79.72,87,70,4.12,broken clouds
235,Pedernales,DO,2021-05-31 16:15:28,18.0384,-71.744,85.12,62,77,2.37,broken clouds
236,Visnes,NO,2021-05-31 16:15:29,59.3556,5.2242,61.11,76,0,9.22,clear sky
237,Quatre Cocos,MU,2021-05-31 16:15:29,-20.2078,57.7625,73.51,72,1,10.74,clear sky
238,La Ronge,CA,2021-05-31 16:15:29,55.1001,-105.2842,64.65,39,90,2.3,overcast clouds
239,Le Port,RE,2021-05-31 16:10:39,-20.9373,55.2919,71.6,92,2,2.77,clear sky
240,Lazaro Cardenas,MX,2021-05-31 16:15:30,17.9583,-102.2,85.95,61,88,4.16,overcast clouds
241,Coquimbo,CL,2021-05-31 16:15:30,-29.9533,-71.3436,67.73,55,0,1.25,clear sky
242,Manzanares,ES,2021-05-31 16:15:31,38.9991,-3.3699,87.35,31,97,12.88,overcast clouds
243,Caranavi,BO,2021-05-31 16:15:31,-15.8167,-67.55,67.64,85,100,2.91,overcast clouds
244,Mandalgovi,MN,2021-05-31 16:15:31,45.7625,106.2708,42.76,32,37,10.16,scattered clouds
245,Bollnas,SE,2021-05-31 16:15:32,61.3482,16.3946,60.39,36,100,2.93,overcast clouds
246,Quelimane,MZ,2021-05-31 16:15:32,-17.8786,36.8883,64.35,77,0,3.44,clear sky
247,Batagay-Alyta,RU,2021-05-31 16:15:32,67.8006,130.4114,41.23,89,99,2.89,overcast clouds
248,Leeton,AU,2021-05-31 16:15:33,-34.5667,146.4,46.76,56,100,5.61,overcast clouds
249,Olafsvik,IS,2021-05-31 16:15:33,64.8945,-23.7142,46.08,77,85,19.51,overcast clouds
250,Tromso,NO,2021-05-31 16:15:34,69.6496,18.957,54.25,87,75,11.5,broken clouds
251,Freeport,US,2021-05-31 16:15:34,40.6576,-73.5832,61.02,75,90,7.0,overcast clouds
252,Kabinda,CD,2021-05-31 16:15:35,-6.1333,24.4833,77.79,37,56,3.33,broken clouds
253,Binga,ZW,2021-05-31 16:15:35,-17.6203,27.3414,69.58,44,53,4.68,broken clouds
254,Fevik,NO,2021-05-31 16:15:35,58.3794,8.6766,80.1,57,71,7.67,broken clouds
255,Linxia,CN,2021-05-31 16:15:36,35.6003,103.2064,53.94,59,100,3.13,overcast clouds
256,Antsohihy,MG,2021-05-31 16:15:36,-14.8796,47.9875,75.6,76,11,3.13,few clouds
257,Miraflores,MX,2021-05-31 16:15:37,19.2167,-98.8083,66.96,52,100,1.86,overcast clouds
258,Vila Franca Do Campo,PT,2021-05-31 16:15:37,37.7167,-25.4333,68.41,72,72,9.78,broken clouds
259,Kahului,US,2021-05-31 16:15:37,20.8947,-156.47,75.85,77,1,0.0,clear sky
260,Praia,CV,2021-05-31 16:15:17,14.9215,-23.5087,79.34,61,75,23.02,broken clouds
261,Mae Sai,TH,2021-05-31 16:11:35,20.4335,99.8762,79.92,92,81,1.9,broken clouds
262,Matara,LK,2021-05-31 16:15:38,5.9485,80.5353,80.51,85,91,13.78,overcast clouds
263,Union,US,2021-05-31 16:15:38,40.6334,-74.2663,64.29,72,90,9.22,overcast clouds
264,Lebu,CL,2021-05-31 16:11:50,-37.6167,-73.65,57.92,94,100,11.88,overcast clouds
265,Geraldton,AU,2021-05-31 16:12:45,-28.7667,114.6,54.01,87,39,14.16,scattered clouds
266,Tingi,TZ,2021-05-31 16:15:39,-11.3,35.0333,61.65,85,49,3.27,scattered clouds
267,Bairiki,KI,2021-05-31 16:15:39,1.3292,172.9752,82.4,78,20,15.41,light rain
268,Zhob,PK,2021-05-31 16:13:03,31.3411,69.4481,87.48,6,0,4.36,clear sky
269,Concarneau,FR,2021-05-31 16:15:40,47.875,-3.9225,75.97,61,26,4.68,scattered clouds
270,Pontalina,BR,2021-05-31 16:15:40,-17.525,-49.4472,87.22,33,100,4.29,overcast clouds
271,Port Macquarie,AU,2021-05-31 16:15:41,-31.4333,152.9167,49.37,90,7,4.9,clear sky
272,Huilong,CN,2021-05-31 16:15:41,31.8111,121.655,72.03,84,58,14.23,broken clouds
273,Chokurdakh,RU,2021-05-31 16:11:46,70.6333,147.9167,52.63,55,26,9.04,scattered clouds
274,Vietri Sul Mare,IT,2021-05-31 16:15:41,40.6687,14.7253,76.77,60,77,3.0,broken clouds
275,Teya,RU,2021-05-31 16:15:42,60.3778,92.6267,50.13,66,100,5.5,overcast clouds
276,Coihaique,CL,2021-05-31 16:11:48,-45.5752,-72.0662,48.81,93,90,10.36,light rain
277,Baiyin,CN,2021-05-31 16:15:43,36.5583,104.2081,54.48,46,100,7.61,overcast clouds
278,Mattru,SL,2021-05-31 16:15:43,7.6244,-11.8332,72.64,97,100,3.02,light rain
279,Belomorsk,RU,2021-05-31 16:15:43,64.5232,34.7668,53.78,64,93,5.26,overcast clouds
280,Brownwood,US,2021-05-31 16:14:13,31.7093,-98.9912,79.29,69,98,17.72,overcast clouds
281,Port Hardy,CA,2021-05-31 16:12:10,50.6996,-127.4199,59.18,94,90,2.3,overcast clouds
282,Were Ilu,ET,2021-05-31 16:15:44,10.6,39.4333,63.55,36,63,9.57,broken clouds
283,Balkhash,KZ,2021-05-31 16:15:45,46.844,74.9804,75.99,23,9,8.37,clear sky
284,Bubaque,GW,2021-05-31 16:15:45,11.2833,-15.8333,78.75,75,98,11.65,overcast clouds
285,Bokoro,TD,2021-05-31 16:15:45,12.3807,17.0568,108.16,9,9,7.47,clear sky
286,Grand Forks,US,2021-05-31 16:15:46,47.9417,-97.4337,62.53,54,1,6.91,clear sky
287,Kargasok,RU,2021-05-31 16:15:46,59.0556,80.8572,68.85,55,92,10.47,overcast clouds
288,San Juan De Uraba,CO,2021-05-31 16:15:46,8.7592,-76.5297,84.07,76,94,6.33,overcast clouds
289,Port Pirie,AU,2021-05-31 16:15:47,-33.1833,138.0167,55.49,36,98,7.92,overcast clouds
290,Kango,GA,2021-05-31 16:15:47,0.1943,10.0951,83.07,87,92,0.72,moderate rain
291,Ankang,CN,2021-05-31 16:15:47,32.68,109.0172,73.65,80,93,2.24,light rain
292,Yaan,NG,2021-05-31 16:15:48,7.3833,8.5667,82.4,74,98,8.16,overcast clouds
293,Palapye,BW,2021-05-31 16:15:48,-22.546,27.1251,61.54,60,16,8.52,few clouds
294,Khombole,SN,2021-05-31 16:15:49,14.7667,-16.7,85.01,29,88,13.87,overcast clouds
295,Manono,CD,2021-05-31 16:15:49,-7.3,27.4167,80.22,37,61,4.29,broken clouds
296,Anzhero-Sudzhensk,RU,2021-05-31 16:15:50,56.081,86.0285,65.86,67,12,5.44,few clouds
297,College,US,2021-05-31 16:11:40,64.8569,-147.8028,56.8,64,75,4.61,broken clouds
298,Newport,GB,2021-05-31 16:15:50,51.5877,-2.9984,74.77,61,62,8.93,broken clouds
299,Kirensk,RU,2021-05-31 16:15:50,57.7853,108.1119,37.71,98,78,0.85,broken clouds
300,Sillanwali,PK,2021-05-31 16:15:51,31.8261,72.5398,83.61,46,20,17.92,few clouds
301,Ellisras,ZA,2021-05-31 16:15:51,-23.6649,27.7443,59.86,64,2,5.95,clear sky
302,Saint George,US,2021-05-31 16:08:09,37.1041,-113.5841,88.27,14,1,4.0,clear sky
303,Milkovo,RU,2021-05-31 16:15:52,54.7167,158.6167,42.82,79,100,2.68,overcast clouds
304,Izumi,JP,2021-05-31 16:15:52,34.4833,135.4333,67.96,77,5,4.23,clear sky
305,Sistranda,NO,2021-05-31 16:15:52,63.7256,8.834,57.16,85,100,12.44,overcast clouds
306,Slyudyanka,RU,2021-05-31 16:15:53,51.6594,103.7061,35.22,91,74,4.23,broken clouds
307,Okhotsk,RU,2021-05-31 16:11:30,59.3833,143.3,38.59,86,100,5.77,overcast clouds
308,Lompoc,US,2021-05-31 16:12:00,34.6391,-120.4579,60.1,100,90,4.79,overcast clouds
309,Valdivia,CL,2021-05-31 16:15:53,-39.8142,-73.2459,59.09,98,100,8.03,light rain
310,Boke,GN,2021-05-31 16:15:55,10.9409,-14.2967,83.34,64,100,7.92,overcast clouds
311,Ruidoso,US,2021-05-31 16:15:55,33.3317,-105.673,69.71,75,40,1.01,scattered clouds
312,Alice Springs,AU,2021-05-31 16:11:47,-23.7,133.8833,54.95,33,90,8.66,overcast clouds
313,Boden,SE,2021-05-31 16:15:56,65.8252,21.6886,62.6,36,100,5.7,overcast clouds
314,Sinnamary,GF,2021-05-31 16:15:56,5.3833,-52.95,76.48,94,100,8.81,light rain
315,Mount Gambier,AU,2021-05-31 16:12:20,-37.8333,140.7667,45.9,44,100,7.31,overcast clouds
316,Saint Anthony,US,2021-05-31 16:15:56,45.0205,-93.218,71.26,70,1,1.01,clear sky
317,Jalu,LY,2021-05-31 16:15:57,29.0331,21.5482,95.54,15,9,14.74,clear sky
318,Powell,US,2021-05-31 16:12:44,40.1578,-83.0752,69.8,42,1,3.0,clear sky
319,Rafai,CF,2021-05-31 16:15:57,4.95,23.9167,85.21,52,64,2.53,broken clouds
320,Mezen,RU,2021-05-31 16:15:58,65.8522,44.24,52.0,58,74,7.92,broken clouds
321,Saint-Pierre,RE,2021-05-31 16:15:58,-21.3393,55.4781,71.28,79,75,4.61,broken clouds
322,Ixtapa,MX,2021-05-31 16:15:58,20.7,-105.2,81.63,61,75,0.0,broken clouds
323,Narsaq,GL,2021-05-31 16:11:24,60.9167,-46.05,48.42,61,87,8.7,overcast clouds
324,Uruzgan,AF,2021-05-31 16:15:59,32.8333,66.0,78.13,10,0,5.14,clear sky
325,Powell River,CA,2021-05-31 16:15:18,49.8496,-124.5361,64.09,78,98,3.49,overcast clouds
326,Zhuhai,CN,2021-05-31 16:10:51,22.2769,113.5678,84.11,89,40,12.17,moderate rain
327,Alofi,NU,2021-05-31 16:11:54,-19.0595,-169.9187,79.2,76,46,3.49,light rain
328,Maputo,MZ,2021-05-31 16:16:00,-25.9653,32.5892,69.48,80,75,4.61,broken clouds
329,Cockburn Town,TC,2021-05-31 16:16:00,21.4612,-71.1419,80.42,76,100,17.72,overcast clouds
330,Sanmenxia,CN,2021-05-31 16:11:11,34.7747,111.1814,70.65,69,99,0.65,light rain
331,Sipe Sipe,BO,2021-05-31 16:16:01,-17.45,-66.3833,64.89,33,100,0.4,overcast clouds
332,Liverpool,GB,2021-05-31 16:13:44,53.4106,-2.9779,73.85,53,36,5.01,scattered clouds
333,Fort Nelson,CA,2021-05-31 16:12:13,58.8053,-122.7002,63.86,42,61,3.42,broken clouds
334,San Patricio,US,2021-05-31 16:12:58,28.017,-97.5169,86.09,63,36,15.93,scattered clouds
335,Yongzhou,CN,2021-05-31 16:16:01,26.4559,111.5988,74.37,95,6,1.72,clear sky
336,Saint-Joseph,RE,2021-05-31 16:16:02,-21.3667,55.6167,70.18,74,12,6.31,few clouds
337,Kendal,GB,2021-05-31 16:16:02,54.3268,-2.7476,72.32,73,21,8.52,few clouds
338,Codrington,AU,2021-05-31 16:11:46,-38.2667,141.9667,48.34,43,100,11.68,overcast clouds
339,Malanje,AO,2021-05-31 16:16:03,-9.5402,16.341,75.52,36,1,2.51,clear sky
340,Belmonte,BR,2021-05-31 16:16:03,-15.8631,-38.8828,82.9,65,80,9.17,broken clouds
341,Hit,IQ,2021-05-31 16:16:03,33.6416,42.8251,97.65,9,1,6.85,clear sky
342,Capaci,IT,2021-05-31 16:16:04,38.1711,13.2393,75.13,67,20,1.99,few clouds
343,Half Moon Bay,US,2021-05-31 16:12:31,37.4636,-122.4286,79.29,68,1,5.23,clear sky
344,Zlynka,RU,2021-05-31 16:16:04,52.4267,31.7378,55.18,78,51,5.99,broken clouds
345,Vanavara,RU,2021-05-31 16:16:04,60.34,102.2797,47.59,72,10,3.96,clear sky
346,Hanzhong,CN,2021-05-31 16:16:05,33.0728,107.0303,68.61,94,100,6.71,light rain
347,Wawa,NG,2021-05-31 16:12:16,9.9022,4.4192,99.37,29,87,6.6,overcast clouds
348,Chapais,CA,2021-05-31 16:11:39,49.7834,-74.8492,67.84,26,52,7.14,broken clouds
349,Matay,EG,2021-05-31 16:16:05,28.419,30.7792,105.6,11,0,14.18,clear sky
350,Acheng,CN,2021-05-31 16:16:06,45.5454,126.977,67.93,58,100,8.63,overcast clouds
351,Molochnoye,RU,2021-05-31 16:16:06,59.2917,39.6787,53.28,55,38,2.75,scattered clouds
352,Havoysund,NO,2021-05-31 16:16:06,70.9963,24.6622,43.68,98,100,24.47,overcast clouds
353,Richards Bay,ZA,2021-05-31 16:16:07,-28.783,32.0377,66.25,68,62,12.57,broken clouds
354,Lorengau,PG,2021-05-31 16:16:07,-2.0226,147.2712,80.42,85,100,11.61,overcast clouds
355,Vokhtoga,RU,2021-05-31 16:16:07,58.8147,41.0461,53.01,54,59,3.06,broken clouds
356,Xining,CN,2021-05-31 16:16:08,36.6167,101.7667,49.93,71,96,1.66,overcast clouds
357,Arlit,NE,2021-05-31 16:16:08,18.7369,7.3853,108.23,4,91,12.12,overcast clouds
358,Azuqueca De Henares,ES,2021-05-31 16:16:09,40.5669,-3.2599,89.55,31,20,21.32,few clouds
359,Chunhuhub,MX,2021-05-31 16:16:09,19.55,-88.6833,91.02,43,8,5.41,clear sky
360,Sao Joao Da Barra,BR,2021-05-31 16:11:25,-21.6403,-41.0511,77.0,79,96,6.44,overcast clouds
361,Waddan,LY,2021-05-31 16:16:10,29.1614,16.139,95.68,15,5,7.85,clear sky
362,Jieshi,CN,2021-05-31 16:16:10,22.8134,115.8257,79.5,92,100,9.71,light rain
363,Staryy Nadym,RU,2021-05-31 16:16:10,65.6118,72.6842,47.93,41,75,8.46,broken clouds
364,Loding,NO,2021-05-31 16:16:11,67.3,14.75,52.84,84,75,1.99,broken clouds
365,Uelzen,DE,2021-05-31 16:16:11,52.9667,10.5667,73.02,46,16,6.87,few clouds
366,Rio Verde De Mato Grosso,BR,2021-05-31 16:16:11,-18.9181,-54.8442,86.0,39,88,3.13,overcast clouds
367,Padang,ID,2021-05-31 16:12:18,-0.9492,100.3543,78.55,85,88,2.64,overcast clouds
368,Maku,IR,2021-05-31 16:16:12,39.2911,44.4521,72.93,32,2,9.06,clear sky
369,Oktyabrskoye,RU,2021-05-31 16:16:12,43.0645,44.7417,71.74,56,40,3.78,scattered clouds
370,Aksu,CN,2021-05-31 16:16:12,41.1231,80.2644,74.01,37,83,16.04,broken clouds
371,Conceicao Do Mato Dentro,BR,2021-05-31 16:16:13,-19.0372,-43.425,78.98,51,94,3.62,heavy intensity rain
372,Ojinaga,MX,2021-05-31 16:16:13,29.5667,-104.4167,83.35,51,1,3.44,clear sky
373,Tazovskiy,RU,2021-05-31 16:16:13,67.4667,78.7,36.54,68,98,2.91,overcast clouds
374,Erzin,TR,2021-05-31 16:16:14,36.9559,36.2,82.92,47,1,10.2,clear sky
375,Yulara,AU,2021-05-31 16:11:16,-25.2406,130.9889,60.64,36,90,1.14,overcast clouds
376,Airai,TL,2021-05-31 16:12:05,-8.9266,125.4092,59.43,95,96,2.17,overcast clouds
377,Talcahuano,CL,2021-05-31 16:16:14,-36.7167,-73.1167,56.88,100,90,10.36,fog
378,Locri,IT,2021-05-31 16:16:15,38.2414,16.2623,73.76,69,64,7.65,broken clouds
379,Naze,JP,2021-05-31 16:16:15,28.3667,129.4833,71.22,78,51,17.18,broken clouds
380,Qandala,SO,2021-05-31 16:16:15,11.472,49.8728,88.88,59,60,6.85,broken clouds
381,Vanino,RU,2021-05-31 16:16:16,49.0869,140.2543,37.69,74,33,2.21,scattered clouds
382,Fasa,IR,2021-05-31 16:16:16,28.9383,53.6482,90.64,10,0,6.91,clear sky
383,Evinayong,GQ,2021-05-31 16:16:16,1.4368,10.5512,76.17,93,96,1.5,light rain
384,Smithers,CA,2021-05-31 16:13:44,54.7804,-127.1743,50.99,95,100,1.54,overcast clouds
385,Kemijarvi,FI,2021-05-31 16:16:17,66.7131,27.4306,53.2,52,99,6.8,overcast clouds
386,Sumbe,AO,2021-05-31 16:16:17,-11.2061,13.8437,80.44,70,2,5.17,clear sky
387,Nagato,JP,2021-05-31 16:15:48,34.3833,131.2,67.91,67,75,4.72,broken clouds
388,Dali,CN,2021-05-31 16:16:18,25.7,100.1833,65.12,75,14,5.66,few clouds
389,Mindelo,CV,2021-05-31 16:16:18,16.8901,-24.9804,78.35,65,20,22.12,few clouds
390,Taltal,CL,2021-05-31 16:16:18,-25.4,-70.4833,70.21,59,9,4.43,clear sky
391,Murgab,TM,2021-05-31 16:16:19,37.4966,61.9714,94.87,26,2,5.55,clear sky
392,Tocopilla,CL,2021-05-31 16:16:19,-22.092,-70.1979,69.84,63,42,6.02,scattered clouds
393,Palu,ID,2021-05-31 16:16:20,-0.8917,119.8707,76.87,96,94,2.33,overcast clouds
394,Greenville,US,2021-05-31 16:16:20,35.6127,-77.3663,72.14,62,40,10.36,scattered clouds
395,Staraya Poltavka,RU,2021-05-31 16:16:20,50.4772,46.4814,69.57,73,88,12.77,overcast clouds
396,Kruisfontein,ZA,2021-05-31 16:11:36,-34.0033,24.7314,55.89,76,99,12.59,overcast clouds
397,Ust-Nera,RU,2021-05-31 16:16:21,64.5667,143.2,49.21,77,100,2.59,light rain
398,Moron,AR,2021-05-31 16:13:05,-34.6534,-58.6198,64.83,55,83,10.78,broken clouds
399,Wadi Maliz,TN,2021-05-31 16:16:21,36.4681,8.5495,91.06,25,100,10.65,overcast clouds
400,Turayf,SA,2021-05-31 16:16:22,31.6725,38.6637,95.25,16,0,6.91,clear sky
401,Upata,VE,2021-05-31 16:16:22,8.0086,-62.3989,81.19,65,64,3.85,broken clouds
402,Lafiagi,NG,2021-05-31 16:16:22,8.8667,5.4167,100.72,31,75,7.87,broken clouds
403,Nadadores,MX,2021-05-31 16:16:23,27.05,-101.6,77.88,53,90,4.65,overcast clouds
404,Varhaug,NO,2021-05-31 16:16:23,58.6147,5.6457,65.86,69,6,14.36,light rain
405,Port Hedland,AU,2021-05-31 16:16:23,-20.3167,118.5667,69.85,83,80,5.75,broken clouds
406,Cap-Aux-Meules,CA,2021-05-31 16:16:24,47.3821,-61.8597,50.05,87,90,13.8,overcast clouds
407,Pinkafeld,AT,2021-05-31 16:16:24,47.3667,16.1167,66.24,60,87,9.08,overcast clouds
408,Tilichiki,RU,2021-05-31 16:16:24,60.4667,166.1,35.76,83,100,5.12,overcast clouds
409,Lebedinyy,RU,2021-05-31 16:16:25,58.5167,125.5167,47.95,77,60,6.42,broken clouds
410,Kirkenes,NO,2021-05-31 16:14:10,69.7271,30.0458,47.35,61,40,18.41,scattered clouds
411,Kupang,ID,2021-05-31 16:16:25,-10.1667,123.5833,75.96,89,100,6.62,overcast clouds
412,Libreville,GA,2021-05-31 16:16:25,0.3925,9.4537,84.22,79,20,4.61,light rain
413,Sola,VU,2021-05-31 16:16:26,-13.8833,167.55,76.87,83,100,13.31,light rain
414,Eisenberg,DE,2021-05-31 16:16:26,50.9667,11.9,68.2,33,26,4.0,scattered clouds
415,Nykoping,SE,2021-05-31 16:16:26,58.753,17.0079,67.86,37,0,4.61,clear sky
416,Hofn,IS,2021-05-31 16:12:28,64.2539,-15.2082,46.35,86,64,10.51,broken clouds
417,Hirado,JP,2021-05-31 16:16:27,33.3597,129.5531,72.36,75,100,11.27,overcast clouds
418,San Lawrenz,MT,2021-05-31 16:16:27,36.0553,14.204,72.86,73,18,1.99,few clouds
419,Iqaluit,CA,2021-05-31 16:11:15,63.7506,-68.5145,34.7,74,94,5.99,light rain
420,Rio Grande,BR,2021-05-31 16:13:46,-32.035,-52.0986,64.51,45,10,12.73,clear sky
421,Camana,PE,2021-05-31 16:16:28,-16.6228,-72.7111,68.32,78,100,9.57,overcast clouds
422,Minbu,MM,2021-05-31 16:16:28,20.1833,94.8833,85.59,62,82,7.85,broken clouds
423,Salekhard,RU,2021-05-31 16:16:29,66.53,66.6019,46.17,57,42,15.48,scattered clouds
424,Yeppoon,AU,2021-05-31 16:16:29,-23.1333,150.7333,58.78,81,7,12.35,clear sky
425,Los Llanos De Aridane,ES,2021-05-31 16:11:32,28.6585,-17.9182,68.13,78,75,9.1,broken clouds
426,Pavlovsk,RU,2021-05-31 16:16:29,50.4578,40.1081,59.13,72,100,7.47,overcast clouds
427,Ekhabi,RU,2021-05-31 16:16:30,53.5102,142.9671,33.87,87,12,8.75,few clouds
428,Abu Samrah,SY,2021-05-31 16:16:30,35.3029,37.1841,86.05,17,0,21.59,clear sky
429,Katghora,IN,2021-05-31 16:16:30,22.5,82.55,92.88,28,100,2.73,overcast clouds
430,Bumbuna,SL,2021-05-31 16:16:31,9.05,-11.7333,82.09,71,100,2.98,overcast clouds
431,Guanambi,BR,2021-05-31 16:16:31,-14.2233,-42.7814,89.56,21,38,8.93,scattered clouds
432,Port Moresby,PG,2021-05-31 16:16:32,-9.4431,147.1797,74.39,88,100,11.63,overcast clouds
433,Pimentel,PE,2021-05-31 16:16:32,-6.8367,-79.9342,71.89,81,90,3.0,overcast clouds
434,Brae,GB,2021-05-31 16:16:32,60.3964,-1.353,48.11,77,5,12.57,clear sky
435,Coos Bay,US,2021-05-31 16:11:57,43.3665,-124.2179,69.85,72,1,6.91,clear sky
436,Wenling,CN,2021-05-31 16:16:33,28.3669,121.36,69.64,93,82,3.31,broken clouds
437,Poum,NC,2021-05-31 16:11:32,-20.2333,164.0167,71.56,57,29,16.44,scattered clouds
438,Harwich,GB,2021-05-31 16:16:33,51.9419,1.2844,69.98,81,3,11.59,clear sky
439,Kaeo,NZ,2021-05-31 16:11:47,-35.1,173.7833,53.33,94,15,5.93,few clouds
440,Krasnoselkup,RU,2021-05-31 16:16:34,65.7,82.4667,43.16,60,100,8.9,overcast clouds
441,Cochrane,CA,2021-05-31 16:15:18,51.1834,-114.4687,68.63,41,1,4.16,clear sky
442,Luba,GQ,2021-05-31 16:16:34,3.4568,8.5547,81.28,83,100,8.03,light rain
443,Deputatskiy,RU,2021-05-31 16:06:40,69.3,139.9,50.54,53,90,3.47,overcast clouds
444,Lugovoy,KZ,2021-05-31 16:16:35,42.9472,72.7644,71.69,40,54,9.08,broken clouds
445,Aranos,NA,2021-05-31 16:16:35,-24.1333,19.1167,66.92,18,8,11.27,clear sky
446,Dicabisagan,PH,2021-05-31 16:16:36,17.0818,122.4157,80.92,86,91,3.04,overcast clouds
447,Trogir,HR,2021-05-31 16:16:36,43.5125,16.2517,73.8,33,20,10.36,few clouds
448,Umm Lajj,SA,2021-05-31 16:16:36,25.0213,37.2685,88.83,51,3,11.34,clear sky
449,Odweyne,SO,2021-05-31 16:16:37,9.4092,45.064,84.61,38,95,12.75,overcast clouds
450,Meulaboh,ID,2021-05-31 16:16:37,4.1363,96.1285,77.68,86,95,2.01,overcast clouds
451,Saurimo,AO,2021-05-31 16:16:37,-9.6608,20.3916,73.13,33,8,3.33,clear sky
452,Grindavik,IS,2021-05-31 16:16:38,63.8424,-22.4338,48.67,76,75,21.83,broken clouds
453,Tefe,BR,2021-05-31 16:16:38,-3.3542,-64.7114,87.91,74,40,5.75,scattered clouds
454,Pozo Colorado,PY,2021-05-31 16:16:38,-23.4923,-58.7972,77.63,19,0,4.38,clear sky
455,Puerto El Triunfo,SV,2021-05-31 16:16:39,13.2833,-88.55,92.32,58,22,7.16,few clouds
456,Carlsbad,US,2021-05-31 16:16:39,33.1581,-117.3506,69.8,80,90,1.99,overcast clouds
457,Naryan-Mar,RU,2021-05-31 16:12:34,67.6713,53.087,42.46,85,100,15.01,overcast clouds
458,Vredendal,ZA,2021-05-31 16:16:40,-31.6683,18.5012,57.87,74,28,9.71,scattered clouds
459,Urumqi,CN,2021-05-31 16:16:40,43.801,87.6005,76.15,15,0,2.59,clear sky
460,Ahipara,NZ,2021-05-31 16:12:19,-35.1667,173.1667,57.92,78,9,12.17,clear sky
461,Ponta Delgada,PT,2021-05-31 16:16:41,37.7333,-25.6667,68.72,73,20,17.27,few clouds
462,Tezu,IN,2021-05-31 16:12:15,27.9167,96.1667,74.17,96,100,3.29,overcast clouds
463,Gorontalo,ID,2021-05-31 16:16:41,0.5412,123.0595,76.33,95,100,2.62,light rain
464,Namibe,AO,2021-05-31 16:16:42,-15.1961,12.1522,77.29,57,1,14.99,clear sky
465,Coihueco,CL,2021-05-31 16:16:42,-36.6167,-71.8333,54.34,100,90,3.98,moderate rain
466,Lewiston,US,2021-05-31 16:12:04,44.1003,-70.2148,55.24,96,90,12.66,overcast clouds
467,Pevek,RU,2021-05-31 16:11:29,69.7008,170.3133,37.53,66,30,1.1,scattered clouds
468,Acajutla,SV,2021-05-31 16:16:42,13.5928,-89.8275,89.8,61,79,7.34,broken clouds
469,Hosanagara,IN,2021-05-31 16:16:43,13.9167,75.0667,71.26,96,60,4.27,light rain
470,Rio Gallegos,AR,2021-05-31 16:16:43,-51.6226,-69.2181,33.85,80,90,4.61,overcast clouds
471,Cabo San Lucas,MX,2021-05-31 16:12:21,22.8909,-109.9124,89.82,47,1,6.91,clear sky
472,Victor Harbor,AU,2021-05-31 16:16:32,-35.5667,138.6167,59.09,37,95,8.3,overcast clouds
473,George,ZA,2021-05-31 16:16:44,-33.963,22.4617,54.95,82,40,5.75,scattered clouds
474,Charters Towers,AU,2021-05-31 16:16:44,-20.1,146.2667,58.05,93,38,7.85,scattered clouds
475,Semey,KZ,2021-05-31 16:16:45,50.4111,80.2275,75.42,29,0,6.71,clear sky
476,Oranzherei,RU,2021-05-31 16:16:45,45.8476,47.5663,80.56,45,79,4.85,broken clouds
477,Bitung,ID,2021-05-31 16:16:45,1.4451,125.1824,77.85,86,99,8.63,overcast clouds
478,Balkanabat,TM,2021-05-31 16:11:56,39.5108,54.3671,87.6,34,0,11.21,clear sky
479,Puerto Del Rosario,ES,2021-05-31 16:16:46,28.5004,-13.8627,74.88,68,20,14.97,few clouds
480,Paamiut,GL,2021-05-31 16:16:46,61.994,-49.6678,36.91,84,89,6.93,overcast clouds
481,Galle,LK,2021-05-31 16:16:46,6.0367,80.217,81.28,85,77,15.99,broken clouds
482,Sabang,ID,2021-05-31 16:11:48,5.8933,95.3214,82.98,76,90,20.09,overcast clouds
483,Sanming,CN,2021-05-31 16:16:47,26.2486,117.6186,72.86,98,100,2.28,overcast clouds
484,Khani,GE,2021-05-31 16:16:47,41.9563,42.9566,67.57,94,52,4.27,broken clouds
485,Bandar,ID,2021-05-31 16:16:48,2.05,99.75,75.56,85,98,3.24,overcast clouds
486,Chifeng,CN,2021-05-31 16:16:48,42.2683,118.9636,59.95,65,100,14.2,overcast clouds
487,Prince Rupert,CA,2021-05-31 16:16:25,54.3161,-130.3201,57.29,88,90,11.5,light rain
488,Vestmanna,FO,2021-05-31 16:16:49,62.1564,-7.1664,56.32,62,75,10.09,broken clouds
489,Tottori,JP,2021-05-31 16:16:49,35.5,134.2333,56.71,87,2,3.53,clear sky
490,Joshimath,IN,2021-05-31 16:16:49,30.5667,79.5667,65.68,81,97,1.41,overcast clouds
491,Zyryanka,RU,2021-05-31 16:11:19,65.75,150.85,50.85,47,9,7.87,clear sky
492,Klaksvik,FO,2021-05-31 16:11:16,62.2266,-6.589,58.12,96,86,14.94,overcast clouds
493,Asuncion,PY,2021-05-31 16:15:56,-25.3007,-57.6359,71.04,43,0,2.73,clear sky
494,Yukamenskoye,RU,2021-05-31 16:16:50,57.8865,52.2416,49.42,63,51,6.22,light rain
495,Mirnyy,RU,2021-05-31 16:16:51,62.5353,113.9611,53.44,65,27,6.06,scattered clouds
496,Strezhevoy,RU,2021-05-31 16:16:51,60.7333,77.5889,46.38,81,100,13.71,light rain
497,Acarau,BR,2021-05-31 16:16:51,-2.8856,-40.12,87.01,60,24,12.8,few clouds
498,Harper,LR,2021-05-31 16:16:52,4.375,-7.7169,79.59,82,99,9.28,light rain
499,Gananoque,CA,2021-05-31 16:16:52,44.3334,-76.1661,69.39,54,1,3.8,clear sky
500,Snyder,US,2021-05-31 16:16:52,32.7179,-100.9176,68.14,100,90,11.5,moderate rain
501,Montes Altos,BR,2021-05-31 16:16:53,-5.8333,-47.0667,91.89,35,0,4.76,clear sky
502,Benguela,AO,2021-05-31 16:16:53,-12.5763,13.4055,81.68,54,4,5.19,clear sky
503,Colares,PT,2021-05-31 16:16:53,38.7992,-9.4469,74.86,68,75,3.0,broken clouds
504,Nemuro,JP,2021-05-31 16:14:15,43.3236,145.575,40.37,87,62,15.14,broken clouds
505,Dongsheng,CN,2021-05-31 16:16:54,39.8161,109.9776,55.98,25,0,11.03,clear sky
506,Undory,RU,2021-05-31 16:16:54,54.6085,48.3928,54.64,79,99,11.32,overcast clouds
507,Bonfim,BR,2021-05-31 16:16:55,3.0833,-59.95,85.84,63,70,1.12,broken clouds
508,Chinsali,ZM,2021-05-31 16:16:55,-10.5414,32.0816,63.61,58,8,6.11,clear sky
509,Kalininsk,RU,2021-05-31 16:16:55,51.5,44.4758,62.37,85,82,9.93,broken clouds
510,Ciudad Guayana,VE,2021-05-31 16:16:56,8.3533,-62.6528,84.52,76,75,5.99,broken clouds
511,Kapuskasing,CA,2021-05-31 16:16:56,49.4169,-82.4331,66.29,48,75,13.8,broken clouds
512,Fortuna,US,2021-05-31 16:16:56,40.5982,-124.1573,63.93,70,68,5.5,broken clouds
513,Pangody,RU,2021-05-31 16:16:57,65.85,74.4859,45.5,46,19,2.1,few clouds
514,Benghazi,LY,2021-05-31 16:16:57,32.1167,20.0667,73.94,62,40,10.85,scattered clouds
515,Gosforth,GB,2021-05-31 16:16:57,55.0,-1.6167,72.34,73,0,8.05,clear sky
516,Maceio,BR,2021-05-31 16:13:55,-9.6658,-35.7353,81.84,78,75,7.2,broken clouds
517,Mpophomeni,ZA,2021-05-31 16:16:58,-29.5682,30.1862,52.3,76,99,3.04,overcast clouds
518,Namikupa,TZ,2021-05-31 16:16:58,-10.8333,39.6,69.91,94,53,3.58,broken clouds
519,Prisacani,RO,2021-05-31 16:16:59,47.0833,27.8833,60.53,75,100,7.49,overcast clouds
520,Tupa,BR,2021-05-31 16:16:59,-21.9347,-50.5136,79.7,45,68,8.63,broken clouds
521,Santander Jimenez,MX,2021-05-31 16:16:59,24.2167,-98.4667,88.39,53,54,13.42,broken clouds
522,Mayumba,GA,2021-05-31 16:17:00,-3.432,10.6554,79.36,81,38,9.69,scattered clouds
523,Pamanukan,ID,2021-05-31 16:17:00,-6.2842,107.8106,77.22,90,100,3.94,overcast clouds
524,Aykhal,RU,2021-05-31 16:17:01,66.0,111.5,51.76,46,73,12.48,broken clouds
525,Nchelenge,ZM,2021-05-31 16:17:01,-9.3451,28.734,70.38,64,28,3.15,scattered clouds
526,Bergen,NO,2021-05-31 16:17:01,60.392,5.328,63.01,55,0,5.01,light rain
527,Boralday,KZ,2021-05-31 16:17:02,43.3578,76.8594,69.66,43,40,5.66,scattered clouds
528,Bhunya,SZ,2021-05-31 16:17:02,-26.55,31.0167,54.28,76,67,4.16,broken clouds
529,Samarai,PG,2021-05-31 16:17:02,-10.6167,150.6667,78.71,77,98,20.45,overcast clouds
530,Tahoua,NE,2021-05-31 16:17:03,14.8888,5.2692,109.38,7,0,9.22,clear sky
531,Akalkot,IN,2021-05-31 16:17:03,17.5333,76.2167,84.09,61,85,5.84,overcast clouds
532,Kiamba,PH,2021-05-31 16:17:04,5.9894,124.6242,77.97,85,100,5.88,moderate rain
533,Shubarkuduk,KZ,2021-05-31 16:17:04,49.1447,56.4872,67.71,85,99,6.15,overcast clouds
534,Kholodnyy,RU,2021-05-31 16:17:04,62.7167,147.95,42.35,84,100,5.7,overcast clouds
535,Ardakan,IR,2021-05-31 16:17:05,32.31,54.0175,97.18,6,0,6.71,clear sky
536,Boa Vista,BR,2021-05-31 16:17:05,2.8197,-60.6733,87.78,58,75,8.05,broken clouds
537,Nueva Loja,EC,2021-05-31 16:17:05,0.0847,-76.8828,71.62,100,90,2.3,overcast clouds
538,Achit,RU,2021-05-31 16:17:06,56.7985,57.8994,46.67,70,65,6.38,broken clouds
539,Pisco,PE,2021-05-31 16:17:06,-13.7,-76.2167,66.25,82,90,4.61,mist
540,Vostochnyy,RU,2021-05-31 16:17:06,55.8167,37.8667,53.78,58,100,5.84,overcast clouds
541,Axim,GH,2021-05-31 16:17:07,4.8699,-2.2405,81.0,81,93,10.87,overcast clouds
542,Chulumani,BO,2021-05-31 16:17:07,-16.4096,-67.5263,72.27,66,100,3.94,overcast clouds
543,Nichinan,JP,2021-05-31 16:17:07,31.6,131.3667,67.75,80,100,4.09,overcast clouds
544,Pitea,SE,2021-05-31 16:17:08,65.3172,21.4794,62.69,44,100,3.94,overcast clouds
545,Savannah Bight,HN,2021-05-31 16:17:08,16.45,-85.85,91.45,74,3,17.49,clear sky
546,Bilibino,RU,2021-05-31 16:17:08,68.0546,166.4372,47.95,57,17,2.04,few clouds
547,Zhoukou,CN,2021-05-31 16:17:09,33.6333,114.6333,78.93,56,28,5.12,light rain
548,Makakilo City,US,2021-05-31 16:17:09,21.3469,-158.0858,71.92,80,1,4.61,clear sky
549,Gazli,UZ,2021-05-31 16:17:10,40.1333,63.45,97.61,9,29,9.04,scattered clouds
550,Diamantino,BR,2021-05-31 16:17:10,-14.4086,-56.4461,88.79,37,64,3.49,broken clouds
551,Jumla,NP,2021-05-31 16:17:10,29.2747,82.1838,56.32,91,34,3.49,scattered clouds
552,Colombo,LK,2021-05-31 16:17:11,6.9319,79.8478,81.21,85,89,13.35,overcast clouds
553,Tanggu,CN,2021-05-31 16:17:11,39.0211,117.6469,60.76,86,100,8.05,light rain
554,Lavrentiya,RU,2021-05-31 16:12:42,65.5833,-171.0,29.25,85,21,9.46,few clouds
555,Najran,SA,2021-05-31 16:11:10,17.4924,44.1277,89.28,10,2,14.76,clear sky
556,Tamiami,US,2021-05-31 16:13:32,25.7587,-80.3984,89.6,63,40,3.0,scattered clouds
557,Marechal Candido Rondon,BR,2021-05-31 16:17:12,-24.5561,-54.0567,69.22,70,92,2.84,overcast clouds
558,Vila,PT,2021-05-31 16:17:12,42.0304,-8.1588,74.75,66,25,5.3,scattered clouds
559,Pontianak,ID,2021-05-31 16:17:13,-0.0333,109.3333,76.98,100,94,1.86,overcast clouds
560,Esil,KZ,2021-05-31 16:17:13,51.9556,66.4042,71.04,61,36,11.97,scattered clouds
561,Gagret,IN,2021-05-31 16:17:13,31.6667,76.0667,76.73,62,94,11.68,overcast clouds
562,Isangel,VU,2021-05-31 16:17:14,-19.55,169.2667,70.68,68,76,12.75,broken clouds
563,Kendari,ID,2021-05-31 16:17:14,-3.945,122.4989,75.76,92,100,2.39,overcast clouds
564,Port Said,EG,2021-05-31 16:17:14,31.2565,32.2841,78.78,69,0,13.8,clear sky
565,South Venice,US,2021-05-31 16:17:15,27.0531,-82.4243,89.17,61,40,14.97,haze
566,Ahuimanu,US,2021-05-31 16:17:15,21.4447,-157.8378,73.11,78,20,0.0,few clouds
567,Monzon,ES,2021-05-31 16:17:15,41.9108,0.1941,87.44,32,100,11.16,overcast clouds
568,Ossora,RU,2021-05-31 16:17:16,59.2353,163.0719,36.37,76,68,2.3,broken clouds
569,Sabzevar,IR,2021-05-31 16:16:33,36.2126,57.6819,91.76,13,18,21.99,few clouds
570,Rong Kwang,TH,2021-05-31 16:17:16,18.339,100.3174,85.55,76,98,2.1,overcast clouds
571,Cairns,AU,2021-05-31 16:13:59,-16.9167,145.7667,69.75,91,75,9.22,broken clouds
572,Puerto Escondido,MX,2021-05-31 16:12:00,15.85,-97.0667,88.63,66,20,5.75,few clouds
573,Potiskum,NG,2021-05-31 16:17:17,11.7091,11.0694,103.69,14,21,9.75,few clouds
574,Belyy,RU,2021-05-31 16:17:17,55.8402,32.9419,56.05,50,100,4.16,overcast clouds
575,Mananjary,MG,2021-05-31 16:17:17,-21.2167,48.3333,73.85,89,2,6.71,moderate rain
576,Tuy Hoa,VN,2021-05-31 16:17:18,13.0833,109.3,82.89,77,68,5.66,broken clouds
577,Suntar,RU,2021-05-31 16:17:18,62.1444,117.6319,53.94,55,13,4.43,few clouds
578,Key West,US,2021-05-31 16:17:19,24.5557,-81.7826,86.0,66,20,12.66,few clouds
579,Tuatapere,NZ,2021-05-31 16:17:19,-46.1333,167.6833,49.82,85,70,2.44,broken clouds
580,Havre-Saint-Pierre,CA,2021-05-31 16:17:19,50.2334,-63.5986,46.99,93,90,8.05,overcast clouds
581,Tommot,RU,2021-05-31 16:17:20,58.9564,126.2925,48.02,91,62,3.31,broken clouds
582,Garden City,US,2021-05-31 16:17:20,42.3256,-83.331,72.64,46,75,4.0,broken clouds
583,Obosi,NG,2021-05-31 16:17:20,6.0951,6.8177,77.9,92,97,4.09,heavy intensity rain
584,Mount Isa,AU,2021-05-31 16:17:21,-20.7333,139.5,58.77,63,32,0.0,scattered clouds
585,Sudak,UA,2021-05-31 16:15:15,44.85,34.9667,62.89,79,100,5.41,overcast clouds
586,Portland,US,2021-05-31 16:13:07,45.5234,-122.6762,71.42,59,40,1.99,scattered clouds
587,Jackson,US,2021-05-31 16:15:29,42.4165,-122.8345,72.16,50,1,0.0,clear sky
588,Komsomolskiy,UZ,2021-05-31 16:17:21,40.4272,71.7189,83.12,28,3,4.61,clear sky
589,Paso De Carrasco,UY,2021-05-31 16:12:26,-34.8603,-56.0522,63.05,42,0,18.41,clear sky
590,Toora-Khem,RU,2021-05-31 16:17:22,52.4675,96.11,36.97,79,71,1.03,broken clouds
591,Cerano,MX,2021-05-31 16:17:22,20.1167,-101.3833,71.37,43,76,1.9,broken clouds
592,Kumluca,TR,2021-05-31 16:17:23,36.3703,30.2869,74.21,68,4,5.39,clear sky
593,Keratea,GR,2021-05-31 16:17:23,37.8073,23.9769,74.91,68,40,11.25,scattered clouds
594,Marang,MY,2021-05-31 16:17:23,5.2056,103.2059,80.51,87,34,5.79,scattered clouds
595,Penalva,BR,2021-05-31 16:17:24,-3.2942,-45.1736,89.33,56,9,2.86,clear sky
596,Emerald,AU,2021-05-31 16:07:29,-23.5333,148.1667,55.36,93,5,7.16,clear sky
597,Russell,US,2021-05-31 16:12:52,32.3502,-85.1999,79.92,53,20,8.72,few clouds
598,Petropavlovsk-Kamchatskiy,RU,2021-05-31 16:17:24,53.0452,158.6483,37.99,100,75,2.44,light rain
599,San Cristobal,VE,2021-05-31 16:17:25,7.7669,-72.225,77.18,55,93,6.53,overcast clouds
600,Haapiti,PF,2021-05-31 16:17:25,-17.5667,-149.8667,71.33,63,13,16.73,few clouds
601,Maltahohe,NA,2021-05-31 16:17:25,-24.8333,16.9833,64.65,11,0,3.6,clear sky
602,Ulaangom,MN,2021-05-31 16:17:26,49.9811,92.0667,54.34,37,0,3.11,clear sky
603,Baykit,RU,2021-05-31 16:17:26,61.67,96.37,49.73,68,98,3.2,overcast clouds
604,Thompson,CA,2021-05-31 16:12:00,55.7435,-97.8558,61.52,42,97,5.28,overcast clouds
605,Junagarh,IN,2021-05-31 16:17:27,19.8667,82.9333,94.3,35,98,3.8,overcast clouds
606,Lichinga,MZ,2021-05-31 16:17:27,-13.3128,35.2406,62.69,88,40,8.05,scattered clouds
607,Baikunthpur,IN,2021-05-31 16:17:27,23.25,82.55,90.84,30,54,5.82,broken clouds
608,Oum Hadjer,TD,2021-05-31 16:17:28,13.2954,19.6966,107.67,9,0,6.64,clear sky
609,Safaga,EG,2021-05-31 16:17:28,26.7292,33.9365,102.15,27,15,6.82,few clouds
610,Ahmadpur Sial,PK,2021-05-31 16:17:29,30.6754,71.7483,102.07,26,0,19.26,clear sky
611,Cururupu,BR,2021-05-31 16:17:29,-1.8283,-44.8683,89.92,50,18,5.7,few clouds
612,Mastic Beach,US,2021-05-31 16:17:29,40.7668,-72.8521,58.98,79,90,3.0,overcast clouds
613,Malindi,KE,2021-05-31 16:17:30,-3.2175,40.1191,78.15,80,89,13.71,overcast clouds
614,Coahuayana,MX,2021-05-31 16:17:30,18.7333,-103.6833,92.68,34,80,3.24,broken clouds
615,Berkakit,RU,2021-05-31 16:17:30,56.5807,124.7681,48.94,69,95,2.39,overcast clouds
616,Asti,IT,2021-05-31 16:17:31,44.8979,8.2068,75.45,58,7,3.76,clear sky
617,Riviere-Au-Renard,CA,2021-05-31 16:17:31,48.9957,-64.3971,46.69,98,100,7.85,overcast clouds
618,Ilam,NP,2021-05-31 16:17:32,26.9167,87.9167,68.2,95,85,2.08,overcast clouds
619,Russas,BR,2021-05-31 16:17:32,-4.9403,-37.9758,94.48,37,14,8.28,few clouds
620,Walvis Bay,NA,2021-05-31 16:17:32,-22.9575,14.5053,70.75,43,0,21.56,clear sky
621,Marinette,US,2021-05-31 16:17:33,45.1,-87.6307,69.15,48,1,9.22,clear sky
622,Alyangula,AU,2021-05-31 16:17:33,-13.8483,136.4192,69.67,100,98,10.56,overcast clouds
623,Canandaigua,US,2021-05-31 16:17:34,42.8742,-77.288,69.57,41,13,5.01,few clouds
624,Shemgang,BT,2021-05-31 16:17:34,27.2169,90.6579,60.73,99,100,0.38,light rain
625,Kirakira,SB,2021-05-31 16:17:34,-10.4544,161.9205,77.81,89,96,8.95,overcast clouds
626,Nahan,IN,2021-05-31 16:17:35,30.55,77.3,79.05,53,60,7.05,broken clouds
627,Bacolod,PH,2021-05-31 16:17:35,10.6667,122.95,78.44,89,100,3.53,overcast clouds
628,Flinders,AU,2021-05-31 16:11:53,-34.5833,150.8552,49.21,85,24,1.01,few clouds
629,Ornskoldsvik,SE,2021-05-31 16:17:36,63.2909,18.7153,58.82,54,0,5.99,clear sky
630,Peniche,PT,2021-05-31 16:12:24,39.3558,-9.3811,72.88,87,12,10.94,few clouds
631,Mwinilunga,ZM,2021-05-31 16:17:36,-11.7358,24.4293,65.7,41,25,3.51,scattered clouds
632,Lakes Entrance,AU,2021-05-31 16:13:02,-37.8811,147.981,45.64,67,99,4.74,overcast clouds
633,Nome,US,2021-05-31 16:11:30,64.5011,-165.4064,48.27,57,1,4.61,clear sky
634,Sechura,PE,2021-05-31 16:17:37,-5.5569,-80.8222,74.57,66,98,10.67,overcast clouds
635,Comodoro Rivadavia,AR,2021-05-31 16:17:37,-45.8667,-67.5,42.66,93,90,3.44,light rain
636,Montefiascone,IT,2021-05-31 16:17:38,42.5393,12.0362,72.32,40,40,5.01,scattered clouds
637,Marsh Harbour,BS,2021-05-31 16:12:36,26.5412,-77.0636,79.39,75,56,11.18,broken clouds
638,Mackay,AU,2021-05-31 16:17:38,-21.15,149.2,60.78,94,100,6.91,overcast clouds
639,Buncrana,IE,2021-05-31 16:17:39,55.1333,-7.45,71.37,66,57,15.68,broken clouds
640,Kununurra,AU,2021-05-31 16:17:01,-15.7667,128.7333,64.38,82,42,0.0,scattered clouds
641,Brazzaville,CG,2021-05-31 16:17:39,-4.2658,15.2832,91.9,40,21,3.0,few clouds
642,Kargil,IN,2021-05-31 16:17:39,34.5667,76.1,47.43,59,100,1.63,overcast clouds
643,Porto Novo,BJ,2021-05-31 16:17:40,6.4965,2.6036,87.62,66,62,13.58,broken clouds
644,Iskar,BG,2021-05-31 16:17:40,43.45,24.2667,61.59,94,75,7.94,light intensity drizzle
645,Kawalu,ID,2021-05-31 16:17:41,-7.3817,108.2082,73.92,97,97,1.32,overcast clouds
646,Walla Walla,US,2021-05-31 16:17:41,46.0646,-118.343,77.45,37,1,1.99,clear sky
647,Banda Aceh,ID,2021-05-31 16:17:41,5.5577,95.3222,80.15,82,95,13.67,overcast clouds
648,Chegdomyn,RU,2021-05-31 16:17:42,51.1167,133.0167,46.35,79,21,2.75,few clouds
649,Guangyuan,CN,2021-05-31 16:17:42,32.442,105.823,72.28,84,97,5.99,overcast clouds
650,Bayshore Gardens,US,2021-05-31 16:17:42,27.4253,-82.5904,90.1,54,75,12.66,broken clouds
651,Gaoual,GN,2021-05-31 16:17:43,11.75,-13.2,92.62,42,100,4.92,overcast clouds
652,Fort Smith,US,2021-05-31 16:17:43,35.3859,-94.3986,66.25,70,1,5.99,clear sky
653,Jelenia Gora,PL,2021-05-31 16:17:43,50.8997,15.729,66.45,69,43,9.01,scattered clouds
654,San Ramon,US,2021-05-31 16:13:14,37.7799,-121.978,81.81,52,1,1.99,clear sky
655,Miri,MY,2021-05-31 16:17:44,4.4148,114.0089,80.74,89,20,0.31,few clouds
656,Ghizela,RO,2021-05-31 16:17:44,45.8242,21.7372,62.62,86,99,9.1,overcast clouds
657,Rorvik,NO,2021-05-31 16:14:08,64.8621,11.2373,60.78,76,0,10.36,clear sky
658,Malakal,SS,2021-05-31 16:12:46,9.5334,31.6605,93.81,31,61,11.5,broken clouds
659,Coromandel,BR,2021-05-31 16:17:45,-18.4733,-47.2003,82.11,37,100,6.2,overcast clouds
660,Puro,PH,2021-05-31 16:17:45,12.4841,123.3827,83.41,76,87,4.14,overcast clouds
661,Acapulco,MX,2021-05-31 16:17:08,16.8634,-99.8901,87.62,62,40,4.9,scattered clouds
662,Bayangol,RU,2021-05-31 16:17:46,50.6977,103.4656,28.0,86,100,2.8,overcast clouds
663,Lufilufi,WS,2021-05-31 16:17:46,-13.8745,-171.5986,82.98,74,67,16.17,light rain
664,Rundu,NA,2021-05-31 16:17:46,-17.9333,19.7667,70.2,18,93,3.33,overcast clouds
665,Takanosu,JP,2021-05-31 16:17:47,40.2219,140.3694,45.5,95,66,1.88,broken clouds
666,Calvinia,ZA,2021-05-31 16:17:47,-31.4707,19.776,48.85,71,98,10.71,overcast clouds
667,San Jose,US,2021-05-31 16:17:00,37.3394,-121.895,81.25,57,20,3.44,few clouds
668,Houma,US,2021-05-31 16:17:48,29.5958,-90.7195,84.0,61,1,5.75,clear sky
669,Lipari,IT,2021-05-31 16:17:48,38.4674,14.954,73.33,62,39,3.24,scattered clouds
670,Charlestown,AU,2021-05-31 16:17:49,-32.95,151.6667,53.42,90,9,1.99,clear sky
671,Sisimiut,GL,2021-05-31 16:17:49,66.9395,-53.6735,34.59,95,100,8.72,overcast clouds
672,Hartford,US,2021-05-31 16:15:18,41.7668,-72.7662,57.38,88,90,3.0,overcast clouds
673,Balakhninskiy,RU,2021-05-31 16:17:49,58.0106,114.2769,38.77,98,93,1.23,overcast clouds
674,Corrente,BR,2021-05-31 16:17:50,-3.7367,-43.3394,92.66,40,23,4.21,few clouds
675,Camocim,BR,2021-05-31 16:17:50,-2.9022,-40.8411,88.38,55,21,7.43,few clouds
676,Irtyshskiy,RU,2021-05-31 16:17:51,58.3333,68.1333,43.95,82,100,15.14,overcast clouds
677,Perigueux,FR,2021-05-31 16:17:51,45.1833,0.7167,83.77,38,21,3.36,few clouds
678,Stettler,CA,2021-05-31 16:13:35,52.3168,-112.7186,63.64,55,40,9.28,scattered clouds
679,Ginir,ET,2021-05-31 16:17:51,7.1333,40.7,61.56,81,92,7.72,overcast clouds
680,Kautokeino,NO,2021-05-31 16:17:52,69.0125,23.0412,53.28,50,97,9.24,overcast clouds
681,Carndonagh,IE,2021-05-31 16:17:52,55.25,-7.2667,71.22,65,69,15.66,broken clouds
682,Lhokseumawe,ID,2021-05-31 16:17:52,5.1801,97.1507,80.46,83,100,2.46,overcast clouds
683,Saint-Augustin,CA,2021-05-31 16:17:53,51.226,-58.6502,51.22,56,100,12.21,overcast clouds
684,Kerur,IN,2021-05-31 16:17:53,16.0167,75.5667,78.6,71,88,15.19,overcast clouds
685,Skhisma,GR,2021-05-31 16:17:54,35.2667,25.7167,74.68,59,2,7.29,clear sky
686,Dalmau,IN,2021-05-31 16:17:54,26.0667,81.0333,95.47,33,42,8.34,scattered clouds
687,Limoges,FR,2021-05-31 16:17:54,45.75,1.3333,79.36,34,0,1.63,clear sky
688,Antofagasta,CL,2021-05-31 16:17:55,-23.65,-70.4,69.22,58,39,3.76,scattered clouds
689,Sept-Iles,CA,2021-05-31 16:17:55,50.2001,-66.3821,46.06,91,90,7.0,overcast clouds
690,Verkhniye Kigi,RU,2021-05-31 16:17:55,55.4083,58.6044,52.2,79,99,6.85,overcast clouds
691,Dawei,MM,2021-05-31 16:17:56,14.0833,98.2,80.33,88,11,3.31,few clouds
692,Bandar-E Anzali,IR,2021-05-31 16:17:56,37.4727,49.4622,75.31,76,0,7.07,clear sky
693,Jati,PK,2021-05-31 16:17:57,24.3539,68.2671,86.25,72,1,18.99,clear sky
694,Gizo,SB,2021-05-31 16:17:57,-8.103,156.8419,80.85,84,87,19.1,light rain
695,Santa Rosa,PH,2021-05-31 16:17:57,14.3122,121.1114,85.98,73,99,1.14,overcast clouds
696,Cuamba,MZ,2021-05-31 16:17:58,-14.8031,36.5372,73.4,56,77,2.71,broken clouds
697,Lac Du Bonnet,CA,2021-05-31 16:17:58,50.2536,-96.0612,59.76,47,13,5.66,few clouds
698,Fujin,CN,2021-05-31 16:17:59,47.26,132.0322,52.93,89,31,6.17,scattered clouds
699,Alpena,US,2021-05-31 16:17:59,45.0617,-83.4327,71.74,50,1,4.0,clear sky
700,Ebejico,CO,2021-05-31 16:17:59,6.326,-75.7683,82.62,59,80,1.79,broken clouds
701,Sabha,LY,2021-05-31 16:18:00,27.0377,14.4283,100.24,10,1,14.58,clear sky
702,Zajecar,RS,2021-05-31 16:18:00,43.9036,22.2641,55.51,68,47,11.32,light rain
703,Sanok,PL,2021-05-31 16:18:00,49.5557,22.2056,58.41,89,43,6.8,scattered clouds
704,Van,TR,2021-05-31 16:18:01,38.4924,43.3831,70.95,28,20,1.14,few clouds
705,Bay Roberts,CA,2021-05-31 16:18:01,47.5999,-53.2648,65.95,48,82,10.85,broken clouds
706,Tadine,NC,2021-05-31 16:18:01,-21.55,167.8833,69.1,61,90,13.94,overcast clouds
707,Bud,US,2021-05-31 16:18:02,39.447,-86.1758,69.42,55,98,5.26,overcast clouds
708,Clyde River,CA,2021-05-31 16:07:41,70.4692,-68.5914,30.78,85,20,2.8,few clouds
709,Arrecife,ES,2021-05-31 16:11:18,28.963,-13.5477,75.18,53,40,16.11,scattered clouds
